{"cameraMode":{"drawMode":0,"name":"Shaded","section":"Shading Mode"},"sceneLighting":false,"audioPlay":false,"sceneViewState":{"m_AlwaysRefresh":false,"showFog":true,"showSkybox":false,"showFlares":true,"showImageEffects":true,"showParticleSystems":true,"showVisualEffectGraphs":true,"m_FxEnabled":true},"in2DMode":false,"pivot":{"x":0.0654430016875267,"y":0.03826086223125458,"z":-0.3669300377368927},"rotation":{"x":0.0009479322470724583,"y":0.9939653873443604,"z":-0.11001919209957123,"w":0.008720015175640583},"size":0.5737795829772949,"orthographic":false}